MembershipID,MemberID,Product,ExpiryDate,Status
MS0001,M0196,Elite,2025-09-28,Cancelled
MS0002,M0745,Explorer,2025-08-02,Cancelled
MS0003,M0694,Explorer Plus,2026-05-13,Cancelled
MS0004,M0584,Explorer Plus,2026-01-03,Active
MS0005,M0187,Discovery,2025-12-17,Active
MS0006,M0915,Discovery,2025-01-14,Active
MS0007,M0192,Elite,2025-06-07,Cancelled
MS0008,M0904,Elite,2025-12-10,Expired
MS0009,M0625,Discovery,2025-11-05,Cancelled
MS0010,M0633,Discovery,2026-12-16,Expired
MS0011,M0003,Discovery,2025-08-19,Expired
MS0012,M0282,Explorer,2025-01-02,Expired
MS0013,M0621,Explorer Plus,2026-10-22,Expired
MS0014,M0654,Explorer Plus,2025-11-07,Cancelled
MS0015,M0686,Discovery,2026-04-22,Cancelled
MS0016,M0370,Explorer Plus,2025-03-22,Cancelled
MS0017,M0038,Elite,2026-08-20,Cancelled
MS0018,M0557,Elite,2025-06-05,Cancelled
MS0019,M0792,Elite,2025-02-17,Expired
MS0020,M0709,Explorer Plus,2025-07-02,Expired
MS0021,M0985,Elite,2025-04-06,Active
MS0022,M0200,Explorer,2025-05-08,Cancelled
MS0023,M0350,Elite,2025-07-09,Expired
MS0024,M0327,Discovery,2026-03-30,Cancelled
MS0025,M0235,Discovery,2025-10-30,Cancelled
MS0026,M0592,Discovery,2026-10-20,Cancelled
MS0027,M0721,Explorer Plus,2025-07-18,Cancelled
MS0028,M0965,Elite,2026-10-14,Expired
MS0029,M0360,Elite,2025-05-20,Expired
MS0030,M0651,Discovery,2026-08-26,Expired
MS0031,M0391,Elite,2026-03-05,Active
MS0032,M0437,Explorer,2026-03-14,Active
MS0033,M0070,Explorer,2025-10-28,Cancelled
MS0034,M0780,Elite,2025-08-11,Active
MS0035,M0450,Discovery,2025-12-08,Expired
MS0036,M0072,Discovery,2025-03-07,Cancelled
MS0037,M0135,Explorer,2026-08-12,Active
MS0038,M0943,Explorer Plus,2025-03-27,Active
MS0039,M0843,Explorer Plus,2025-11-02,Active
MS0040,M0576,Elite,2025-04-09,Active
MS0041,M0100,Explorer Plus,2025-02-08,Expired
MS0042,M0245,Elite,2026-03-19,Expired
MS0043,M0167,Explorer,2026-01-03,Expired
MS0044,M0974,Discovery,2025-06-02,Cancelled
MS0045,M0646,Elite,2025-11-18,Expired
MS0046,M0130,Discovery,2025-02-16,Active
MS0047,M0429,Discovery,2026-06-25,Cancelled
MS0048,M0330,Explorer Plus,2025-01-20,Cancelled
MS0049,M0626,Elite,2025-01-10,Expired
MS0050,M0620,Explorer Plus,2026-08-17,Cancelled
MS0051,M0945,Elite,2025-05-18,Cancelled
MS0052,M0815,Discovery,2025-02-04,Cancelled
MS0053,M0889,Elite,2025-01-09,Active
MS0054,M0527,Explorer,2025-07-29,Active
MS0055,M0442,Elite,2025-01-05,Active
MS0056,M0309,Discovery,2025-08-22,Active
MS0057,M0185,Explorer Plus,2025-12-27,Cancelled
MS0058,M0668,Discovery,2026-05-19,Expired
MS0059,M0966,Discovery,2026-06-16,Active
MS0060,M0992,Explorer Plus,2026-02-01,Cancelled
MS0061,M0446,Explorer,2026-11-16,Cancelled
MS0062,M0199,Elite,2025-03-18,Cancelled
MS0063,M0943,Discovery,2025-05-31,Cancelled
MS0064,M0278,Explorer Plus,2026-10-29,Cancelled
MS0065,M0651,Explorer,2026-12-07,Expired
MS0066,M0574,Elite,2026-10-25,Expired
MS0067,M0309,Discovery,2025-05-30,Cancelled
MS0068,M0119,Discovery,2026-07-30,Active
MS0069,M0719,Elite,2026-09-27,Cancelled
MS0070,M0403,Discovery,2026-08-20,Expired
MS0071,M0049,Explorer,2025-01-24,Active
MS0072,M0606,Explorer Plus,2025-06-23,Cancelled
MS0073,M0931,Explorer,2026-04-27,Active
MS0074,M0688,Elite,2026-05-31,Cancelled
MS0075,M0970,Discovery,2025-03-09,Cancelled
MS0076,M0691,Elite,2025-08-30,Active
MS0077,M0498,Elite,2026-04-24,Expired
MS0078,M0439,Elite,2025-06-02,Active
MS0079,M0230,Explorer,2025-01-02,Expired
MS0080,M0566,Discovery,2026-05-29,Active
MS0081,M0993,Explorer,2026-07-03,Cancelled
MS0082,M0030,Discovery,2025-02-23,Cancelled
MS0083,M0230,Explorer,2026-05-22,Expired
MS0084,M0233,Elite,2025-01-04,Expired
MS0085,M0065,Explorer,2025-11-24,Active
MS0086,M0532,Explorer,2026-11-14,Cancelled
MS0087,M0378,Explorer Plus,2025-01-14,Expired
MS0088,M0652,Elite,2025-10-16,Cancelled
MS0089,M0296,Explorer,2026-12-19,Expired
MS0090,M0574,Explorer,2026-11-23,Cancelled
MS0091,M0484,Explorer Plus,2026-08-20,Active
MS0092,M0392,Explorer,2025-08-22,Expired
MS0093,M0380,Discovery,2026-03-19,Expired
MS0094,M0901,Explorer,2025-04-09,Cancelled
MS0095,M0283,Discovery,2026-10-12,Cancelled
MS0096,M0081,Discovery,2025-02-15,Expired
MS0097,M0408,Explorer,2026-08-02,Cancelled
MS0098,M0805,Explorer,2025-05-11,Cancelled
MS0099,M0601,Explorer,2026-02-26,Active
MS0100,M0614,Explorer,2026-07-10,Cancelled
MS0101,M0183,Elite,2025-05-20,Expired
MS0102,M0996,Elite,2026-05-07,Expired
MS0103,M0264,Explorer Plus,2025-07-13,Expired
MS0104,M0442,Discovery,2026-01-10,Cancelled
MS0105,M0017,Explorer,2025-01-21,Expired
MS0106,M0645,Discovery,2025-08-22,Active
MS0107,M0094,Discovery,2025-09-15,Expired
MS0108,M0241,Explorer Plus,2026-03-21,Active
MS0109,M0349,Explorer,2025-09-12,Active
MS0110,M0148,Explorer,2026-05-28,Active
MS0111,M0509,Elite,2026-01-16,Active
MS0112,M0219,Elite,2025-12-13,Cancelled
MS0113,M0097,Elite,2025-12-21,Active
MS0114,M0653,Explorer,2025-11-15,Expired
MS0115,M0482,Explorer,2026-12-20,Active
MS0116,M0527,Discovery,2026-12-29,Cancelled
MS0117,M0699,Discovery,2025-06-13,Active
MS0118,M0320,Discovery,2026-10-21,Expired
MS0119,M0143,Discovery,2025-10-25,Active
MS0120,M0090,Explorer,2025-02-27,Expired
MS0121,M0915,Discovery,2026-10-03,Expired
MS0122,M0967,Explorer,2025-01-31,Active
MS0123,M0702,Explorer Plus,2026-08-02,Cancelled
MS0124,M0597,Explorer Plus,2025-03-08,Active
MS0125,M0669,Discovery,2025-11-02,Cancelled
MS0126,M0387,Explorer Plus,2026-06-15,Active
MS0127,M0297,Discovery,2026-03-21,Expired
MS0128,M0825,Explorer Plus,2025-11-27,Cancelled
MS0129,M0102,Discovery,2026-01-16,Cancelled
MS0130,M0448,Elite,2026-12-06,Expired
MS0131,M0272,Explorer Plus,2025-06-02,Cancelled
MS0132,M0135,Discovery,2025-01-11,Active
MS0133,M0988,Explorer Plus,2026-10-11,Expired
MS0134,M0357,Discovery,2026-07-12,Active
MS0135,M0684,Explorer,2026-10-14,Cancelled
MS0136,M0882,Explorer,2026-04-08,Expired
MS0137,M0647,Elite,2026-02-04,Active
MS0138,M0849,Explorer,2026-02-11,Expired
MS0139,M0011,Discovery,2026-09-15,Cancelled
MS0140,M0326,Explorer Plus,2026-11-14,Active
MS0141,M0636,Discovery,2026-01-22,Cancelled
MS0142,M0296,Explorer Plus,2025-12-31,Expired
MS0143,M0364,Elite,2025-01-01,Cancelled
MS0144,M0310,Elite,2025-07-26,Expired
MS0145,M0589,Explorer Plus,2025-10-25,Active
MS0146,M0923,Explorer Plus,2025-06-26,Expired
MS0147,M0260,Explorer,2026-02-09,Expired
MS0148,M0553,Discovery,2026-01-13,Active
MS0149,M0392,Elite,2025-07-04,Expired
MS0150,M0486,Explorer Plus,2026-12-04,Active
MS0151,M0830,Explorer,2026-12-12,Cancelled
MS0152,M0270,Explorer Plus,2025-10-14,Cancelled
MS0153,M0128,Elite,2026-12-22,Active
MS0154,M0703,Elite,2025-06-11,Cancelled
MS0155,M0179,Elite,2026-04-03,Active
MS0156,M0487,Discovery,2026-01-18,Expired
MS0157,M0191,Elite,2025-11-08,Cancelled
MS0158,M0663,Explorer,2026-03-19,Cancelled
MS0159,M0750,Elite,2025-07-24,Active
MS0160,M0467,Explorer Plus,2025-12-24,Active
MS0161,M0736,Elite,2025-05-18,Active
MS0162,M0517,Elite,2025-06-09,Expired
MS0163,M0817,Explorer Plus,2026-06-25,Active
MS0164,M0187,Discovery,2026-10-20,Cancelled
MS0165,M0661,Explorer Plus,2026-01-08,Expired
MS0166,M0106,Explorer,2026-02-08,Expired
MS0167,M0350,Explorer,2025-06-18,Cancelled
MS0168,M0862,Explorer Plus,2025-01-04,Cancelled
MS0169,M0493,Discovery,2025-08-02,Cancelled
MS0170,M0403,Elite,2026-04-07,Active
MS0171,M0881,Elite,2026-08-27,Active
MS0172,M0124,Explorer Plus,2025-10-28,Expired
MS0173,M0484,Elite,2026-11-18,Active
MS0174,M0353,Explorer Plus,2026-08-21,Active
MS0175,M0505,Explorer Plus,2026-09-29,Active
MS0176,M0747,Discovery,2025-09-09,Cancelled
MS0177,M0328,Discovery,2026-03-31,Expired
MS0178,M0545,Discovery,2025-11-25,Expired
MS0179,M0604,Discovery,2025-08-21,Cancelled
MS0180,M0301,Discovery,2026-04-01,Cancelled
MS0181,M0835,Discovery,2026-02-04,Active
MS0182,M0232,Explorer Plus,2025-10-23,Active
MS0183,M0573,Explorer Plus,2025-09-09,Cancelled
MS0184,M0844,Explorer Plus,2026-07-30,Cancelled
MS0185,M0704,Explorer,2025-01-16,Active
MS0186,M0957,Elite,2025-10-08,Active
MS0187,M0022,Explorer,2026-08-05,Active
MS0188,M0322,Explorer,2025-05-23,Active
MS0189,M0774,Explorer Plus,2025-03-01,Expired
MS0190,M0831,Elite,2026-04-06,Cancelled
MS0191,M0694,Explorer Plus,2025-12-05,Cancelled
MS0192,M0516,Explorer,2026-03-11,Cancelled
MS0193,M0785,Explorer,2025-02-25,Active
MS0194,M0268,Explorer Plus,2025-09-19,Active
MS0195,M0577,Explorer Plus,2025-11-02,Expired
MS0196,M0639,Elite,2026-06-01,Expired
MS0197,M0187,Elite,2025-12-28,Expired
MS0198,M0771,Elite,2026-07-10,Expired
MS0199,M0918,Elite,2026-03-03,Cancelled
MS0200,M0437,Discovery,2026-08-28,Cancelled
MS0201,M0234,Elite,2025-06-28,Cancelled
MS0202,M0598,Discovery,2026-08-29,Expired
MS0203,M0283,Explorer,2025-10-31,Active
MS0204,M0488,Explorer,2026-07-20,Expired
MS0205,M0641,Elite,2026-09-24,Cancelled
MS0206,M0598,Discovery,2025-10-05,Cancelled
MS0207,M0576,Discovery,2026-01-03,Active
MS0208,M0908,Explorer,2025-06-06,Active
MS0209,M0993,Explorer Plus,2025-08-27,Cancelled
MS0210,M0317,Explorer Plus,2025-11-03,Active
MS0211,M0538,Explorer,2025-01-22,Active
MS0212,M0153,Elite,2026-11-15,Cancelled
MS0213,M0422,Explorer,2025-04-06,Active
MS0214,M0324,Explorer Plus,2025-06-03,Cancelled
MS0215,M0293,Explorer Plus,2026-09-05,Cancelled
MS0216,M0450,Explorer,2026-09-21,Cancelled
MS0217,M0013,Elite,2025-01-18,Expired
MS0218,M0777,Discovery,2025-12-31,Active
MS0219,M0113,Elite,2026-05-31,Expired
MS0220,M0006,Discovery,2026-11-17,Expired
MS0221,M0682,Explorer,2025-07-30,Expired
MS0222,M0465,Elite,2025-05-03,Active
MS0223,M0341,Explorer Plus,2026-04-09,Cancelled
MS0224,M0810,Explorer,2026-08-15,Cancelled
MS0225,M0326,Explorer Plus,2026-04-02,Active
MS0226,M0245,Discovery,2025-02-28,Active
MS0227,M0248,Explorer,2026-01-26,Active
MS0228,M0612,Elite,2026-04-15,Expired
MS0229,M0544,Elite,2025-04-11,Cancelled
MS0230,M0936,Elite,2026-02-27,Cancelled
MS0231,M0010,Explorer Plus,2026-11-05,Expired
MS0232,M0161,Discovery,2026-03-05,Active
MS0233,M0572,Explorer Plus,2026-05-04,Active
MS0234,M0926,Elite,2026-11-25,Cancelled
MS0235,M0265,Explorer Plus,2025-05-23,Expired
MS0236,M0595,Elite,2026-10-29,Cancelled
MS0237,M0669,Elite,2026-07-21,Cancelled
MS0238,M0067,Explorer,2026-04-07,Expired
MS0239,M0817,Discovery,2025-08-29,Expired
MS0240,M0813,Explorer,2026-04-11,Cancelled
MS0241,M0222,Explorer Plus,2025-04-03,Expired
MS0242,M0580,Explorer Plus,2026-02-24,Expired
MS0243,M0713,Discovery,2026-02-25,Cancelled
MS0244,M0159,Elite,2026-11-01,Cancelled
MS0245,M0286,Explorer,2025-04-03,Expired
MS0246,M0265,Elite,2026-08-16,Cancelled
MS0247,M0100,Elite,2026-06-16,Expired
MS0248,M0147,Explorer Plus,2026-02-24,Expired
MS0249,M0196,Discovery,2026-05-01,Cancelled
MS0250,M0607,Discovery,2026-10-18,Cancelled
MS0251,M0975,Discovery,2026-06-18,Expired
MS0252,M0541,Explorer Plus,2025-02-24,Expired
MS0253,M0744,Discovery,2026-06-02,Active
MS0254,M0097,Elite,2025-10-03,Cancelled
MS0255,M0277,Explorer Plus,2025-02-09,Expired
MS0256,M0090,Explorer,2025-01-11,Cancelled
MS0257,M0562,Explorer,2026-06-06,Expired
MS0258,M0789,Explorer,2026-08-06,Cancelled
MS0259,M0204,Discovery,2026-10-22,Expired
MS0260,M0428,Explorer,2025-06-09,Cancelled
MS0261,M0056,Explorer,2026-06-20,Active
MS0262,M0640,Elite,2026-08-29,Active
MS0263,M0093,Elite,2026-07-16,Active
MS0264,M0907,Explorer Plus,2025-01-29,Active
MS0265,M0680,Elite,2026-11-11,Expired
MS0266,M0079,Elite,2025-11-06,Expired
MS0267,M0966,Explorer Plus,2026-06-05,Expired
MS0268,M0058,Elite,2025-03-29,Active
MS0269,M0419,Elite,2026-07-31,Cancelled
MS0270,M0362,Discovery,2025-04-11,Expired
MS0271,M0666,Elite,2025-02-14,Active
MS0272,M0904,Explorer Plus,2025-05-11,Expired
MS0273,M0252,Explorer Plus,2025-12-09,Expired
MS0274,M0959,Elite,2025-11-26,Active
MS0275,M0076,Explorer Plus,2025-06-04,Cancelled
MS0276,M0521,Discovery,2025-04-07,Active
MS0277,M0196,Explorer,2026-08-04,Active
MS0278,M0979,Explorer Plus,2026-05-06,Expired
MS0279,M0289,Explorer,2025-12-16,Cancelled
MS0280,M0302,Explorer Plus,2025-02-15,Cancelled
MS0281,M0979,Explorer,2025-05-02,Active
MS0282,M0681,Elite,2025-01-18,Cancelled
MS0283,M0797,Explorer,2026-05-02,Cancelled
MS0284,M0268,Explorer,2026-09-23,Active
MS0285,M0100,Elite,2025-08-24,Active
MS0286,M0052,Discovery,2026-11-26,Cancelled
MS0287,M0269,Explorer Plus,2026-10-23,Expired
MS0288,M0833,Discovery,2026-11-01,Expired
MS0289,M0663,Explorer Plus,2025-02-20,Active
MS0290,M0829,Elite,2026-05-31,Expired
MS0291,M0932,Discovery,2025-09-13,Active
MS0292,M0734,Explorer Plus,2025-08-30,Active
MS0293,M0639,Elite,2025-01-10,Active
MS0294,M0122,Elite,2026-12-03,Cancelled
MS0295,M0047,Elite,2025-11-29,Expired
MS0296,M0731,Explorer Plus,2026-10-27,Cancelled
MS0297,M0891,Explorer Plus,2025-08-19,Expired
MS0298,M0827,Discovery,2026-05-22,Expired
MS0299,M0651,Explorer,2026-09-10,Cancelled
MS0300,M0142,Discovery,2025-04-16,Expired
MS0301,M0540,Explorer Plus,2026-10-13,Cancelled
MS0302,M0006,Elite,2026-01-28,Expired
MS0303,M0268,Discovery,2026-04-28,Active
MS0304,M0261,Elite,2026-05-16,Expired
MS0305,M0965,Explorer Plus,2025-02-16,Active
MS0306,M0423,Explorer,2026-01-24,Expired
MS0307,M0466,Elite,2025-06-20,Expired
MS0308,M0023,Elite,2025-09-16,Active
MS0309,M0610,Explorer Plus,2027-01-01,Cancelled
MS0310,M0241,Elite,2025-10-13,Cancelled
MS0311,M0136,Explorer Plus,2026-10-24,Active
MS0312,M0555,Explorer,2026-01-31,Expired
MS0313,M0970,Discovery,2026-10-15,Active
MS0314,M0843,Discovery,2025-05-30,Active
MS0315,M0530,Explorer,2026-01-12,Expired
MS0316,M0478,Explorer,2026-01-25,Expired
MS0317,M0215,Elite,2026-07-07,Cancelled
MS0318,M0813,Discovery,2026-05-10,Cancelled
MS0319,M0291,Explorer Plus,2025-07-15,Active
MS0320,M0329,Discovery,2025-04-09,Cancelled
MS0321,M0977,Elite,2025-03-20,Expired
MS0322,M0412,Elite,2026-09-03,Cancelled
MS0323,M0875,Explorer,2026-05-26,Active
MS0324,M0572,Explorer,2025-11-17,Expired
MS0325,M0414,Explorer,2025-08-03,Cancelled
MS0326,M0043,Discovery,2025-10-02,Cancelled
MS0327,M0832,Explorer,2026-12-12,Expired
MS0328,M0202,Explorer,2026-06-26,Active
MS0329,M0975,Elite,2025-06-25,Expired
MS0330,M0115,Elite,2026-02-23,Active
MS0331,M0070,Explorer Plus,2025-12-02,Cancelled
MS0332,M0165,Explorer Plus,2025-02-18,Active
MS0333,M0400,Explorer,2026-03-29,Active
MS0334,M0810,Discovery,2026-12-25,Expired
MS0335,M0383,Explorer,2025-04-29,Active
MS0336,M0599,Explorer,2025-02-02,Cancelled
MS0337,M0503,Explorer Plus,2026-02-24,Expired
MS0338,M0169,Elite,2025-07-24,Expired
MS0339,M0334,Explorer,2026-06-01,Cancelled
MS0340,M0347,Elite,2025-07-22,Active
MS0341,M0168,Explorer Plus,2026-03-23,Active
MS0342,M0438,Discovery,2025-05-05,Cancelled
MS0343,M0485,Explorer Plus,2025-06-04,Expired
MS0344,M0981,Explorer Plus,2026-01-04,Cancelled
MS0345,M0708,Elite,2025-08-05,Active
MS0346,M0182,Elite,2025-01-03,Active
MS0347,M0715,Explorer,2025-04-20,Expired
MS0348,M0165,Explorer,2026-12-30,Expired
MS0349,M0269,Discovery,2025-03-24,Cancelled
MS0350,M0472,Explorer,2026-11-25,Cancelled
MS0351,M0494,Explorer Plus,2025-05-20,Active
MS0352,M0390,Discovery,2025-10-03,Cancelled
MS0353,M0029,Explorer Plus,2026-04-14,Active
MS0354,M0519,Explorer,2026-01-24,Cancelled
MS0355,M0641,Explorer Plus,2026-09-13,Active
MS0356,M0971,Explorer Plus,2025-10-12,Cancelled
MS0357,M0167,Discovery,2025-02-12,Active
MS0358,M0848,Discovery,2026-10-14,Expired
MS0359,M0284,Elite,2025-02-19,Cancelled
MS0360,M0137,Discovery,2026-06-26,Active
MS0361,M0675,Elite,2026-02-03,Expired
MS0362,M0092,Explorer,2025-07-09,Active
MS0363,M0061,Discovery,2026-12-04,Expired
MS0364,M0266,Explorer,2026-03-04,Cancelled
MS0365,M0604,Explorer Plus,2026-08-11,Cancelled
MS0366,M0472,Discovery,2026-11-12,Expired
MS0367,M0014,Elite,2026-05-18,Active
MS0368,M0275,Discovery,2025-05-02,Active
MS0369,M0345,Elite,2026-11-08,Cancelled
MS0370,M0078,Explorer Plus,2025-09-10,Active
MS0371,M0422,Elite,2025-10-12,Cancelled
MS0372,M0940,Explorer,2025-06-23,Active
MS0373,M0328,Discovery,2025-02-28,Expired
MS0374,M0511,Explorer,2025-05-07,Cancelled
MS0375,M0803,Explorer Plus,2026-06-21,Active
MS0376,M0997,Elite,2026-11-26,Active
MS0377,M0959,Explorer Plus,2025-08-31,Cancelled
MS0378,M0619,Explorer Plus,2026-09-26,Expired
MS0379,M0963,Explorer Plus,2026-12-30,Active
MS0380,M0729,Explorer,2026-02-24,Expired
MS0381,M0919,Explorer,2026-01-26,Expired
MS0382,M0248,Explorer,2026-06-25,Expired
MS0383,M0211,Discovery,2025-11-13,Active
MS0384,M0977,Explorer,2026-12-17,Active
MS0385,M0916,Discovery,2026-07-08,Cancelled
MS0386,M0544,Elite,2025-12-05,Cancelled
MS0387,M0189,Discovery,2025-02-23,Active
MS0388,M0561,Explorer,2026-12-13,Cancelled
MS0389,M0400,Discovery,2025-03-13,Cancelled
MS0390,M0071,Discovery,2026-06-01,Active
MS0391,M0624,Elite,2025-02-19,Active
MS0392,M0780,Elite,2025-04-02,Expired
MS0393,M0560,Explorer,2026-11-05,Cancelled
MS0394,M0671,Discovery,2025-10-03,Active
MS0395,M0667,Explorer Plus,2026-01-23,Active
MS0396,M0705,Explorer,2025-08-14,Active
MS0397,M0315,Explorer Plus,2025-09-13,Active
MS0398,M0909,Explorer,2025-05-06,Expired
MS0399,M0056,Explorer Plus,2025-01-19,Cancelled
MS0400,M0783,Discovery,2025-10-28,Cancelled
MS0401,M0400,Discovery,2026-10-04,Expired
MS0402,M0025,Elite,2026-04-11,Cancelled
MS0403,M0292,Discovery,2026-11-19,Cancelled
MS0404,M0192,Explorer Plus,2026-06-25,Cancelled
MS0405,M0529,Explorer Plus,2025-05-06,Active
MS0406,M0230,Elite,2026-12-25,Expired
MS0407,M0017,Explorer,2026-02-28,Active
MS0408,M0680,Explorer Plus,2025-04-04,Cancelled
MS0409,M0138,Discovery,2025-11-22,Active
MS0410,M0008,Elite,2025-11-03,Expired
MS0411,M0173,Elite,2026-05-05,Expired
MS0412,M0897,Explorer Plus,2026-05-28,Cancelled
MS0413,M0289,Elite,2026-06-25,Active
MS0414,M0056,Explorer Plus,2026-01-25,Active
MS0415,M0722,Explorer,2026-09-08,Expired
MS0416,M0501,Explorer Plus,2026-07-15,Cancelled
MS0417,M0429,Explorer,2026-02-08,Cancelled
MS0418,M0806,Discovery,2026-10-18,Expired
MS0419,M0232,Explorer Plus,2025-04-05,Cancelled
MS0420,M0896,Explorer,2026-01-05,Active
MS0421,M0358,Explorer Plus,2025-04-24,Expired
MS0422,M0192,Explorer,2026-12-16,Active
MS0423,M0201,Explorer Plus,2026-12-19,Cancelled
MS0424,M0721,Explorer,2026-08-13,Active
MS0425,M0473,Discovery,2026-01-06,Active
MS0426,M0427,Explorer Plus,2026-09-01,Cancelled
MS0427,M0891,Elite,2025-10-06,Cancelled
MS0428,M0886,Discovery,2026-04-08,Expired
MS0429,M0211,Elite,2025-02-26,Active
MS0430,M0645,Explorer,2026-05-23,Active
MS0431,M0334,Explorer,2025-06-05,Expired
MS0432,M0585,Explorer,2025-03-02,Cancelled
MS0433,M0091,Explorer,2026-12-03,Cancelled
MS0434,M0619,Explorer,2026-07-16,Expired
MS0435,M0987,Explorer Plus,2026-02-02,Active
MS0436,M0785,Discovery,2025-06-27,Active
MS0437,M0450,Explorer Plus,2026-08-15,Expired
MS0438,M0550,Explorer,2025-08-06,Active
MS0439,M0174,Discovery,2026-04-24,Cancelled
MS0440,M0230,Explorer,2025-11-11,Expired
MS0441,M0837,Explorer,2026-01-15,Expired
MS0442,M0500,Explorer,2026-09-07,Cancelled
MS0443,M0386,Explorer Plus,2025-02-09,Expired
MS0444,M0590,Explorer,2025-01-26,Active
MS0445,M0048,Explorer Plus,2025-11-15,Expired
MS0446,M0764,Explorer Plus,2025-08-13,Active
MS0447,M0728,Explorer Plus,2026-01-16,Expired
MS0448,M0170,Explorer Plus,2025-01-26,Active
MS0449,M0496,Explorer,2025-09-27,Active
MS0450,M0226,Elite,2026-05-23,Expired
MS0451,M0382,Discovery,2025-07-18,Expired
MS0452,M0724,Explorer Plus,2026-01-21,Expired
MS0453,M0730,Explorer Plus,2025-06-23,Cancelled
MS0454,M0338,Explorer,2026-11-05,Active
MS0455,M0121,Discovery,2026-09-26,Cancelled
MS0456,M0070,Elite,2026-11-23,Cancelled
MS0457,M0915,Discovery,2026-11-29,Cancelled
MS0458,M0691,Elite,2026-03-18,Active
MS0459,M0060,Discovery,2026-05-01,Cancelled
MS0460,M0294,Elite,2026-02-27,Cancelled
MS0461,M0400,Discovery,2026-12-18,Expired
MS0462,M0439,Elite,2026-09-23,Active
MS0463,M0845,Discovery,2025-04-05,Expired
MS0464,M0666,Explorer Plus,2026-05-10,Cancelled
MS0465,M0463,Explorer Plus,2025-01-11,Cancelled
MS0466,M0189,Elite,2026-01-18,Cancelled
MS0467,M0298,Elite,2026-10-04,Expired
MS0468,M0313,Discovery,2026-08-19,Expired
MS0469,M0238,Explorer Plus,2026-06-02,Expired
MS0470,M0050,Explorer Plus,2025-11-19,Expired
MS0471,M0800,Discovery,2026-06-29,Cancelled
MS0472,M0952,Elite,2026-04-12,Expired
MS0473,M0878,Explorer Plus,2026-04-13,Expired
MS0474,M0804,Discovery,2026-05-31,Expired
MS0475,M0355,Elite,2026-01-13,Active
MS0476,M0710,Explorer Plus,2025-10-16,Expired
MS0477,M0908,Elite,2026-08-11,Cancelled
MS0478,M0179,Explorer Plus,2026-09-08,Expired
MS0479,M0922,Discovery,2026-09-20,Active
MS0480,M0813,Discovery,2025-08-26,Active
MS0481,M0534,Explorer Plus,2025-02-09,Cancelled
MS0482,M0742,Elite,2026-05-18,Cancelled
MS0483,M0087,Elite,2026-11-24,Cancelled
MS0484,M0663,Explorer,2026-06-16,Expired
MS0485,M0848,Explorer,2026-04-30,Cancelled
MS0486,M0410,Explorer,2025-11-09,Expired
MS0487,M0954,Explorer,2026-08-20,Cancelled
MS0488,M0849,Explorer,2026-06-11,Expired
MS0489,M0940,Discovery,2026-03-12,Cancelled
MS0490,M0505,Discovery,2026-05-06,Cancelled
MS0491,M0654,Explorer,2025-05-24,Active
MS0492,M0356,Explorer,2026-03-04,Cancelled
MS0493,M0639,Explorer Plus,2025-10-24,Cancelled
MS0494,M0870,Discovery,2026-08-09,Cancelled
MS0495,M0405,Explorer,2025-06-03,Expired
MS0496,M0023,Elite,2026-08-23,Expired
MS0497,M0450,Explorer Plus,2025-03-13,Expired
MS0498,M0345,Elite,2025-08-23,Expired
MS0499,M0823,Elite,2025-01-30,Cancelled
MS0500,M0007,Discovery,2026-10-29,Active
MS0501,M0978,Elite,2025-08-25,Expired
MS0502,M0257,Discovery,2026-02-08,Active
MS0503,M0284,Elite,2025-06-12,Cancelled
MS0504,M0934,Discovery,2025-06-04,Active
MS0505,M0225,Explorer Plus,2025-08-17,Expired
MS0506,M0230,Explorer Plus,2026-02-13,Active
MS0507,M0414,Elite,2026-03-26,Cancelled
MS0508,M0189,Explorer,2026-08-19,Cancelled
MS0509,M0261,Explorer,2025-11-26,Expired
MS0510,M0628,Explorer Plus,2025-12-27,Cancelled
MS0511,M0850,Explorer Plus,2026-02-10,Active
MS0512,M0432,Elite,2025-08-29,Expired
MS0513,M0285,Elite,2027-01-01,Expired
MS0514,M0318,Explorer,2026-04-03,Expired
MS0515,M0421,Elite,2025-01-12,Active
MS0516,M0897,Explorer Plus,2025-08-24,Expired
MS0517,M0128,Elite,2026-03-14,Expired
MS0518,M0737,Explorer,2025-04-30,Active
MS0519,M0727,Discovery,2026-07-19,Active
MS0520,M0079,Discovery,2025-08-25,Expired
MS0521,M0309,Elite,2026-11-23,Cancelled
MS0522,M0394,Explorer Plus,2026-07-22,Expired
MS0523,M0470,Explorer Plus,2025-08-12,Cancelled
MS0524,M0269,Elite,2025-01-07,Expired
MS0525,M0248,Discovery,2025-08-14,Expired
MS0526,M0710,Elite,2026-07-14,Cancelled
MS0527,M0616,Discovery,2025-02-10,Expired
MS0528,M0238,Explorer,2026-12-06,Cancelled
MS0529,M0090,Explorer,2026-11-04,Active
MS0530,M0085,Explorer,2025-03-18,Cancelled
MS0531,M0995,Explorer Plus,2025-06-21,Expired
MS0532,M0197,Explorer,2025-04-05,Active
MS0533,M0827,Explorer,2025-12-31,Cancelled
MS0534,M0164,Discovery,2026-06-24,Active
MS0535,M0859,Discovery,2025-04-10,Active
MS0536,M0534,Explorer Plus,2026-08-18,Expired
MS0537,M0140,Elite,2026-07-17,Active
MS0538,M0635,Elite,2025-02-09,Active
MS0539,M0351,Explorer,2025-06-26,Cancelled
MS0540,M0878,Elite,2025-10-01,Expired
MS0541,M0385,Elite,2026-06-18,Cancelled
MS0542,M0540,Explorer Plus,2025-05-12,Expired
MS0543,M0178,Elite,2025-04-15,Expired
MS0544,M0491,Explorer,2025-05-14,Active
MS0545,M0828,Explorer Plus,2025-05-30,Active
MS0546,M0112,Elite,2026-12-08,Expired
MS0547,M0588,Explorer Plus,2026-05-05,Cancelled
MS0548,M0714,Explorer,2025-07-24,Cancelled
MS0549,M0779,Explorer,2025-05-03,Cancelled
MS0550,M0237,Elite,2026-02-17,Active
MS0551,M0323,Explorer Plus,2026-06-02,Active
MS0552,M0432,Elite,2026-03-16,Active
MS0553,M0617,Discovery,2025-07-12,Active
MS0554,M0316,Explorer Plus,2026-09-01,Active
MS0555,M0026,Discovery,2026-06-03,Expired
MS0556,M0503,Elite,2025-08-26,Expired
MS0557,M0686,Explorer Plus,2025-03-21,Cancelled
MS0558,M0473,Explorer Plus,2025-04-07,Cancelled
MS0559,M0652,Elite,2026-08-14,Expired
MS0560,M0400,Explorer Plus,2025-02-25,Active
MS0561,M0438,Elite,2026-02-06,Cancelled
MS0562,M0921,Explorer,2026-11-20,Active
MS0563,M0114,Elite,2026-08-04,Cancelled
MS0564,M0883,Explorer,2025-03-07,Expired
MS0565,M0923,Discovery,2025-11-10,Cancelled
MS0566,M0850,Discovery,2026-10-21,Cancelled
MS0567,M0294,Elite,2026-01-16,Expired
MS0568,M0145,Elite,2026-08-28,Expired
MS0569,M0572,Explorer,2026-09-23,Expired
MS0570,M0416,Explorer Plus,2026-04-15,Expired
MS0571,M0322,Elite,2025-04-26,Expired
MS0572,M0900,Explorer Plus,2026-12-05,Active
MS0573,M0008,Explorer,2025-02-12,Expired
MS0574,M0826,Explorer Plus,2026-09-05,Expired
MS0575,M0057,Explorer,2026-09-15,Expired
MS0576,M0244,Elite,2026-09-19,Cancelled
MS0577,M0571,Explorer Plus,2026-05-16,Expired
MS0578,M0804,Elite,2026-09-22,Active
MS0579,M0365,Explorer Plus,2025-02-19,Cancelled
MS0580,M0581,Explorer Plus,2025-02-17,Active
MS0581,M0643,Elite,2025-06-14,Expired
MS0582,M0634,Explorer Plus,2025-08-30,Expired
MS0583,M0444,Discovery,2026-10-26,Active
MS0584,M0697,Discovery,2025-03-26,Expired
MS0585,M0861,Elite,2026-04-05,Cancelled
MS0586,M0997,Explorer Plus,2025-01-27,Expired
MS0587,M0267,Elite,2025-01-19,Active
MS0588,M0472,Elite,2026-11-02,Active
MS0589,M0809,Discovery,2025-11-14,Cancelled
MS0590,M0443,Elite,2026-10-17,Active
MS0591,M0840,Explorer,2025-12-03,Active
MS0592,M0717,Elite,2026-01-28,Active
MS0593,M0061,Explorer,2025-07-23,Cancelled
MS0594,M0335,Discovery,2026-06-10,Expired
MS0595,M0089,Elite,2025-07-18,Cancelled
MS0596,M0515,Elite,2026-09-26,Expired
MS0597,M0196,Explorer Plus,2026-07-10,Cancelled
MS0598,M0719,Discovery,2025-04-27,Active
MS0599,M0360,Discovery,2025-06-02,Expired
MS0600,M0219,Explorer,2026-03-28,Cancelled
MS0601,M0542,Elite,2026-02-22,Expired
MS0602,M0580,Elite,2025-04-09,Expired
MS0603,M0662,Explorer,2025-07-24,Active
MS0604,M0544,Explorer Plus,2025-08-17,Expired
MS0605,M0495,Explorer Plus,2025-07-02,Cancelled
MS0606,M0177,Explorer Plus,2025-12-31,Active
MS0607,M0587,Explorer,2025-10-05,Active
MS0608,M0479,Discovery,2025-12-24,Expired
MS0609,M0944,Elite,2026-08-24,Active
MS0610,M0270,Discovery,2026-10-20,Expired
MS0611,M0147,Explorer Plus,2025-09-19,Expired
MS0612,M0296,Explorer Plus,2026-06-29,Cancelled
MS0613,M0721,Elite,2026-09-26,Expired
MS0614,M0991,Elite,2025-04-21,Active
MS0615,M0400,Discovery,2025-01-27,Active
MS0616,M0611,Explorer Plus,2025-05-05,Cancelled
MS0617,M0329,Discovery,2026-04-25,Expired
MS0618,M0213,Discovery,2025-10-14,Cancelled
MS0619,M0606,Discovery,2026-12-03,Active
MS0620,M0215,Explorer Plus,2026-12-19,Expired
MS0621,M0683,Discovery,2026-02-03,Active
MS0622,M0444,Explorer Plus,2025-04-19,Cancelled
MS0623,M0561,Discovery,2025-10-11,Active
MS0624,M0086,Explorer Plus,2026-09-21,Expired
MS0625,M0251,Discovery,2026-10-05,Expired
MS0626,M0079,Explorer Plus,2025-02-26,Cancelled
MS0627,M0178,Explorer,2025-10-29,Active
MS0628,M0928,Elite,2025-01-18,Active
MS0629,M0129,Explorer,2025-05-05,Cancelled
MS0630,M0520,Discovery,2025-10-23,Active
MS0631,M0497,Elite,2025-10-06,Cancelled
MS0632,M0408,Discovery,2025-12-23,Cancelled
MS0633,M0483,Elite,2026-02-09,Expired
MS0634,M0734,Elite,2025-09-15,Active
MS0635,M0916,Elite,2026-05-29,Active
MS0636,M0408,Elite,2026-02-20,Cancelled
MS0637,M0712,Explorer,2025-07-05,Expired
MS0638,M0805,Discovery,2026-10-01,Expired
MS0639,M0151,Elite,2026-12-06,Expired
MS0640,M0813,Elite,2025-11-09,Expired
MS0641,M0845,Explorer Plus,2026-08-25,Expired
MS0642,M0729,Explorer Plus,2026-12-23,Active
MS0643,M0267,Explorer Plus,2025-12-28,Expired
MS0644,M0338,Explorer,2026-04-04,Cancelled
MS0645,M0075,Discovery,2026-08-08,Cancelled
MS0646,M0592,Explorer Plus,2025-05-23,Expired
MS0647,M0193,Discovery,2026-09-04,Cancelled
MS0648,M0301,Explorer Plus,2026-09-15,Expired
MS0649,M0234,Explorer Plus,2025-12-28,Expired
MS0650,M0056,Discovery,2026-02-01,Cancelled
MS0651,M0623,Explorer,2025-09-20,Active
MS0652,M0408,Elite,2025-05-17,Cancelled
MS0653,M0129,Explorer Plus,2026-06-12,Active
MS0654,M0497,Explorer,2025-10-30,Cancelled
MS0655,M0244,Elite,2025-04-30,Expired
MS0656,M0257,Elite,2025-01-25,Active
MS0657,M0775,Explorer,2026-06-08,Active
MS0658,M0371,Discovery,2026-07-31,Active
MS0659,M0663,Discovery,2025-08-23,Expired
MS0660,M0450,Explorer Plus,2025-06-10,Expired
MS0661,M0825,Explorer Plus,2026-11-17,Active
MS0662,M0126,Explorer,2026-07-01,Expired
MS0663,M0146,Explorer,2026-03-13,Expired
MS0664,M0325,Explorer Plus,2026-10-10,Active
MS0665,M0884,Elite,2025-02-15,Cancelled
MS0666,M0027,Discovery,2025-05-18,Active
MS0667,M0399,Explorer Plus,2026-06-22,Expired
MS0668,M0016,Discovery,2026-02-18,Expired
MS0669,M0687,Explorer Plus,2026-06-07,Cancelled
MS0670,M0555,Explorer,2026-02-01,Active
MS0671,M0998,Explorer Plus,2025-06-07,Expired
MS0672,M0053,Discovery,2026-06-05,Cancelled
MS0673,M0947,Explorer Plus,2025-09-03,Cancelled
MS0674,M0333,Explorer Plus,2025-04-18,Expired
MS0675,M0029,Explorer,2026-01-27,Expired
MS0676,M0370,Discovery,2026-09-20,Active
MS0677,M0068,Explorer Plus,2025-12-19,Cancelled
MS0678,M0264,Elite,2026-07-22,Cancelled
MS0679,M0853,Explorer,2025-06-24,Active
MS0680,M0770,Explorer Plus,2025-04-18,Expired
MS0681,M0355,Elite,2026-03-29,Active
MS0682,M0529,Elite,2026-10-05,Expired
MS0683,M0705,Discovery,2025-03-06,Expired
MS0684,M0755,Explorer Plus,2026-04-08,Active
MS0685,M0683,Explorer,2026-05-11,Expired
MS0686,M0780,Explorer,2025-09-28,Expired
MS0687,M0032,Discovery,2025-05-13,Active
MS0688,M0284,Discovery,2026-01-29,Cancelled
MS0689,M0749,Elite,2025-04-22,Active
MS0690,M0514,Explorer,2025-12-30,Expired
MS0691,M0453,Elite,2026-01-05,Cancelled
MS0692,M0884,Explorer Plus,2026-05-23,Cancelled
MS0693,M0234,Explorer Plus,2025-11-11,Expired
MS0694,M0705,Elite,2026-05-26,Active
MS0695,M0613,Explorer,2025-06-05,Cancelled
MS0696,M0206,Explorer,2026-01-26,Active
MS0697,M0671,Elite,2026-08-12,Expired
MS0698,M0123,Explorer,2026-11-25,Expired
MS0699,M0339,Explorer,2026-09-30,Cancelled
MS0700,M0127,Explorer,2026-12-18,Cancelled
MS0701,M0715,Elite,2025-07-31,Expired
MS0702,M0805,Explorer Plus,2026-06-10,Active
MS0703,M0679,Discovery,2026-04-17,Cancelled
MS0704,M0271,Elite,2026-01-08,Active
MS0705,M0647,Explorer Plus,2026-08-15,Cancelled
MS0706,M0214,Explorer,2026-02-26,Expired
MS0707,M0492,Elite,2026-12-27,Cancelled
MS0708,M0657,Elite,2026-01-17,Active
MS0709,M0814,Discovery,2026-05-03,Expired
MS0710,M0708,Discovery,2026-12-31,Expired
MS0711,M0475,Explorer,2026-05-09,Expired
MS0712,M0859,Explorer,2026-08-21,Cancelled
MS0713,M0021,Explorer,2025-03-13,Expired
MS0714,M0977,Explorer Plus,2025-03-01,Cancelled
MS0715,M0358,Explorer,2025-10-05,Expired
MS0716,M0348,Elite,2026-08-19,Active
MS0717,M0168,Discovery,2025-05-25,Expired
MS0718,M0499,Discovery,2025-08-02,Cancelled
MS0719,M0211,Explorer,2025-06-11,Expired
MS0720,M0839,Discovery,2025-11-26,Expired
MS0721,M0747,Explorer Plus,2026-11-18,Cancelled
MS0722,M0913,Explorer,2026-01-29,Cancelled
MS0723,M0746,Explorer Plus,2026-10-11,Active
MS0724,M0675,Discovery,2025-08-11,Expired
MS0725,M0603,Explorer,2025-12-20,Expired
MS0726,M0223,Explorer,2025-09-25,Active
MS0727,M0358,Discovery,2025-03-12,Active
MS0728,M0343,Explorer,2026-04-19,Expired
MS0729,M0765,Explorer Plus,2025-01-05,Active
MS0730,M0392,Explorer Plus,2026-04-11,Expired
MS0731,M0484,Explorer,2026-06-12,Expired
MS0732,M0484,Explorer,2026-05-14,Expired
MS0733,M0748,Explorer Plus,2025-04-18,Cancelled
MS0734,M0895,Explorer,2025-12-19,Expired
MS0735,M0969,Explorer Plus,2026-09-04,Cancelled
MS0736,M0602,Explorer,2025-04-21,Cancelled
MS0737,M0508,Discovery,2025-03-10,Expired
MS0738,M0897,Elite,2025-04-07,Cancelled
MS0739,M0601,Elite,2025-03-04,Active
MS0740,M0348,Discovery,2026-03-28,Cancelled
MS0741,M0111,Elite,2025-07-19,Active
MS0742,M0034,Explorer,2026-12-26,Cancelled
MS0743,M0270,Explorer Plus,2025-09-11,Active
MS0744,M0661,Discovery,2026-12-11,Expired
MS0745,M0528,Discovery,2026-11-03,Expired
MS0746,M0123,Explorer,2025-10-25,Cancelled
MS0747,M0340,Discovery,2026-02-24,Expired
MS0748,M0511,Explorer Plus,2025-03-13,Cancelled
MS0749,M0297,Discovery,2025-06-01,Active
MS0750,M0516,Discovery,2026-06-15,Active
MS0751,M0932,Explorer,2026-05-05,Expired
MS0752,M0680,Explorer,2026-02-24,Expired
MS0753,M0170,Elite,2026-12-18,Cancelled
MS0754,M0947,Explorer,2025-03-02,Expired
MS0755,M0486,Explorer,2026-02-08,Expired
MS0756,M0583,Explorer,2026-01-13,Expired
MS0757,M0431,Discovery,2026-06-03,Active
MS0758,M0084,Discovery,2026-03-28,Cancelled
MS0759,M0609,Explorer Plus,2025-05-09,Cancelled
MS0760,M0769,Discovery,2026-03-07,Cancelled
MS0761,M0712,Explorer,2026-01-20,Active
MS0762,M0195,Explorer,2025-06-20,Expired
MS0763,M0744,Elite,2026-06-25,Expired
MS0764,M0322,Elite,2025-02-21,Active
MS0765,M0612,Discovery,2025-02-22,Expired
MS0766,M0987,Explorer Plus,2026-01-22,Expired
MS0767,M0758,Explorer,2025-06-09,Active
MS0768,M0378,Explorer Plus,2026-03-10,Expired
MS0769,M0329,Explorer Plus,2026-12-25,Expired
MS0770,M0101,Explorer Plus,2026-12-12,Cancelled
MS0771,M0951,Explorer,2026-06-01,Expired
MS0772,M0383,Discovery,2025-06-28,Active
MS0773,M0985,Discovery,2025-03-15,Cancelled
MS0774,M0031,Explorer,2025-03-28,Active
MS0775,M0931,Explorer,2025-09-10,Cancelled
MS0776,M0994,Explorer,2026-04-02,Expired
MS0777,M0428,Discovery,2026-06-22,Expired
MS0778,M0545,Explorer Plus,2026-04-04,Active
MS0779,M0205,Discovery,2026-12-27,Active
MS0780,M0013,Explorer Plus,2026-03-01,Expired
MS0781,M0075,Elite,2025-12-18,Cancelled
MS0782,M0768,Explorer,2025-09-13,Cancelled
MS0783,M0603,Elite,2026-09-03,Cancelled
MS0784,M0960,Discovery,2026-11-27,Expired
MS0785,M0916,Elite,2025-08-15,Expired
MS0786,M0119,Explorer,2025-03-09,Active
MS0787,M0190,Discovery,2025-05-19,Expired
MS0788,M0045,Explorer Plus,2026-10-16,Active
MS0789,M0293,Discovery,2026-06-15,Active
MS0790,M0056,Explorer,2025-10-01,Expired
MS0791,M0411,Explorer Plus,2025-03-28,Active
MS0792,M0593,Explorer,2026-08-07,Cancelled
MS0793,M0749,Explorer Plus,2026-08-02,Cancelled
MS0794,M0703,Elite,2026-01-27,Cancelled
MS0795,M0816,Elite,2025-12-20,Expired
MS0796,M0851,Discovery,2025-02-08,Active
MS0797,M0570,Elite,2026-06-25,Expired
MS0798,M0879,Elite,2026-07-26,Expired
MS0799,M0438,Discovery,2025-05-22,Expired
MS0800,M0421,Explorer,2025-11-16,Cancelled
MS0801,M0978,Elite,2026-03-12,Expired
MS0802,M0514,Elite,2025-07-07,Cancelled
MS0803,M0809,Explorer,2025-09-09,Expired
MS0804,M0785,Elite,2026-06-28,Cancelled
MS0805,M0831,Discovery,2025-05-29,Cancelled
MS0806,M0918,Explorer Plus,2025-11-14,Cancelled
MS0807,M0549,Discovery,2025-11-02,Active
MS0808,M0510,Discovery,2025-09-22,Expired
MS0809,M0467,Explorer,2025-11-01,Expired
MS0810,M0280,Explorer Plus,2026-04-13,Cancelled
MS0811,M0012,Explorer Plus,2025-02-08,Cancelled
MS0812,M0242,Explorer,2026-08-10,Expired
MS0813,M0259,Explorer,2025-06-27,Cancelled
MS0814,M0179,Explorer,2026-08-30,Expired
MS0815,M0191,Explorer,2026-01-13,Expired
MS0816,M0690,Discovery,2026-09-08,Cancelled
MS0817,M0238,Discovery,2026-01-24,Cancelled
MS0818,M0969,Discovery,2026-05-08,Active
MS0819,M0993,Discovery,2026-04-23,Cancelled
MS0820,M0268,Explorer Plus,2026-04-18,Expired
MS0821,M0356,Discovery,2026-09-28,Active
MS0822,M0239,Explorer Plus,2026-05-12,Expired
MS0823,M0590,Discovery,2025-04-30,Expired
MS0824,M0459,Elite,2025-03-07,Cancelled
MS0825,M0152,Explorer Plus,2026-02-22,Expired
MS0826,M0437,Explorer,2026-12-04,Cancelled
MS0827,M0308,Explorer Plus,2025-05-25,Cancelled
MS0828,M0829,Explorer Plus,2025-12-05,Expired
MS0829,M0663,Elite,2026-02-12,Active
MS0830,M0868,Explorer,2025-08-02,Cancelled
MS0831,M0512,Explorer,2025-10-25,Expired
MS0832,M0228,Elite,2025-10-29,Expired
MS0833,M0573,Explorer Plus,2025-01-01,Active
MS0834,M0677,Explorer Plus,2026-11-07,Cancelled
MS0835,M0784,Discovery,2025-11-17,Expired
MS0836,M0079,Explorer Plus,2026-11-19,Cancelled
MS0837,M0236,Discovery,2026-03-24,Expired
MS0838,M0875,Explorer Plus,2026-01-29,Active
MS0839,M0318,Explorer,2025-08-30,Active
MS0840,M0072,Explorer Plus,2026-07-28,Active
MS0841,M0680,Explorer Plus,2025-12-06,Active
MS0842,M0046,Explorer Plus,2025-09-16,Cancelled
MS0843,M0739,Discovery,2026-05-09,Cancelled
MS0844,M0983,Discovery,2025-12-30,Cancelled
MS0845,M0245,Discovery,2025-02-19,Cancelled
MS0846,M0577,Discovery,2026-06-14,Expired
MS0847,M0085,Explorer Plus,2025-02-22,Cancelled
MS0848,M0668,Elite,2026-01-30,Expired
MS0849,M0425,Elite,2026-07-30,Cancelled
MS0850,M0114,Explorer,2025-03-28,Expired
MS0851,M0288,Explorer Plus,2026-06-13,Active
MS0852,M0433,Elite,2025-10-01,Expired
MS0853,M0243,Explorer Plus,2026-08-23,Active
MS0854,M0986,Elite,2025-11-30,Cancelled
MS0855,M0752,Elite,2025-01-31,Cancelled
MS0856,M0212,Explorer Plus,2025-11-04,Expired
MS0857,M0836,Explorer,2026-06-02,Cancelled
MS0858,M0395,Explorer Plus,2026-06-01,Active
MS0859,M0141,Discovery,2025-06-18,Expired
MS0860,M0840,Discovery,2026-05-26,Active
MS0861,M0810,Explorer,2026-02-10,Active
MS0862,M0661,Explorer Plus,2026-09-28,Active
MS0863,M0186,Discovery,2026-08-03,Cancelled
MS0864,M0183,Explorer,2026-05-15,Expired
MS0865,M0440,Discovery,2025-10-12,Expired
MS0866,M0218,Discovery,2025-06-13,Expired
MS0867,M0424,Elite,2026-01-04,Active
MS0868,M0337,Discovery,2025-12-14,Expired
MS0869,M0179,Explorer Plus,2025-09-02,Active
MS0870,M0390,Explorer Plus,2025-04-17,Active
MS0871,M0877,Explorer Plus,2025-09-12,Expired
MS0872,M0529,Explorer Plus,2025-07-24,Active
MS0873,M0968,Explorer,2025-02-07,Cancelled
MS0874,M0299,Explorer Plus,2025-05-02,Expired
MS0875,M0162,Elite,2025-03-10,Expired
MS0876,M0360,Explorer Plus,2025-05-01,Active
MS0877,M0104,Explorer Plus,2025-10-19,Cancelled
MS0878,M0664,Discovery,2025-04-27,Cancelled
MS0879,M0749,Explorer Plus,2025-07-07,Cancelled
MS0880,M0197,Discovery,2025-12-12,Cancelled
MS0881,M0387,Elite,2025-01-03,Expired
MS0882,M0776,Elite,2025-08-22,Cancelled
MS0883,M0869,Elite,2025-10-29,Cancelled
MS0884,M0719,Explorer Plus,2025-12-05,Cancelled
MS0885,M0043,Discovery,2026-01-26,Active
MS0886,M0516,Explorer,2025-07-21,Expired
MS0887,M0708,Explorer,2025-01-30,Expired
MS0888,M0239,Elite,2026-02-12,Active
MS0889,M0778,Discovery,2026-07-20,Active
MS0890,M0566,Explorer Plus,2026-08-06,Active
MS0891,M0669,Discovery,2025-04-23,Active
MS0892,M0345,Explorer Plus,2025-10-29,Expired
MS0893,M0469,Explorer Plus,2025-01-18,Active
MS0894,M0654,Explorer Plus,2025-01-24,Expired
MS0895,M0913,Explorer Plus,2025-11-26,Expired
MS0896,M0350,Explorer Plus,2025-08-18,Active
MS0897,M0932,Discovery,2025-04-07,Active
MS0898,M0946,Explorer,2025-05-28,Active
MS0899,M0277,Explorer,2025-08-10,Expired
MS0900,M0076,Elite,2025-02-07,Expired
MS0901,M0316,Explorer,2026-01-19,Active
MS0902,M0071,Explorer Plus,2026-07-14,Active
MS0903,M0135,Explorer Plus,2025-01-17,Expired
MS0904,M0955,Explorer Plus,2026-04-21,Active
MS0905,M0058,Discovery,2026-03-11,Active
MS0906,M0754,Explorer,2026-05-05,Cancelled
MS0907,M0181,Explorer,2025-06-16,Expired
MS0908,M0528,Elite,2026-06-19,Expired
MS0909,M0451,Explorer,2026-09-05,Active
MS0910,M0348,Discovery,2025-04-25,Expired
MS0911,M0825,Explorer Plus,2026-12-30,Expired
MS0912,M0957,Explorer Plus,2025-04-01,Expired
MS0913,M0265,Discovery,2025-07-11,Active
MS0914,M0927,Explorer,2026-08-24,Cancelled
MS0915,M0252,Explorer Plus,2025-04-03,Active
MS0916,M0990,Explorer,2025-02-28,Cancelled
MS0917,M0812,Elite,2026-02-14,Active
MS0918,M0483,Explorer,2025-08-07,Active
MS0919,M0531,Explorer Plus,2025-10-14,Active
MS0920,M0181,Explorer Plus,2025-02-24,Cancelled
MS0921,M0512,Elite,2025-11-29,Active
MS0922,M0917,Elite,2026-09-12,Cancelled
MS0923,M0401,Explorer Plus,2025-05-26,Expired
MS0924,M0193,Elite,2026-11-07,Cancelled
MS0925,M0759,Explorer Plus,2025-03-29,Active
MS0926,M0331,Elite,2025-08-05,Cancelled
MS0927,M0766,Explorer,2026-12-03,Expired
MS0928,M0867,Explorer,2025-07-21,Active
MS0929,M0262,Discovery,2025-06-26,Cancelled
MS0930,M0589,Discovery,2026-03-02,Active
MS0931,M0339,Explorer Plus,2025-02-04,Cancelled
MS0932,M0772,Elite,2025-01-12,Expired
MS0933,M0038,Discovery,2026-09-15,Expired
MS0934,M0574,Elite,2026-09-16,Active
MS0935,M0761,Elite,2026-02-15,Expired
MS0936,M0892,Discovery,2025-07-24,Active
MS0937,M0262,Explorer,2025-12-19,Active
MS0938,M0485,Discovery,2026-10-14,Cancelled
MS0939,M0962,Explorer,2026-06-01,Expired
MS0940,M0517,Explorer,2026-10-21,Cancelled
MS0941,M0920,Explorer Plus,2026-09-17,Cancelled
MS0942,M0234,Elite,2027-01-01,Active
MS0943,M0740,Explorer,2026-09-13,Expired
MS0944,M0610,Explorer Plus,2026-05-02,Cancelled
MS0945,M0233,Explorer,2026-07-09,Active
MS0946,M0869,Explorer,2025-10-18,Active
MS0947,M0527,Explorer Plus,2026-07-07,Expired
MS0948,M0736,Discovery,2026-09-03,Cancelled
MS0949,M0227,Explorer Plus,2026-09-06,Cancelled
MS0950,M0589,Explorer Plus,2025-09-24,Active
MS0951,M0969,Explorer,2025-12-22,Cancelled
MS0952,M0669,Explorer,2026-03-28,Cancelled
MS0953,M0231,Explorer Plus,2025-04-30,Expired
MS0954,M0961,Elite,2025-07-28,Cancelled
MS0955,M0078,Explorer Plus,2025-01-19,Cancelled
MS0956,M0486,Explorer Plus,2025-11-06,Active
MS0957,M0340,Explorer,2025-12-28,Active
MS0958,M0204,Explorer,2025-10-05,Cancelled
MS0959,M0061,Explorer Plus,2025-05-21,Expired
MS0960,M0409,Discovery,2025-10-06,Expired
MS0961,M0293,Explorer Plus,2025-03-20,Expired
MS0962,M0266,Elite,2026-10-08,Active
MS0963,M0978,Explorer Plus,2025-03-10,Expired
MS0964,M0468,Explorer Plus,2026-12-16,Cancelled
MS0965,M0739,Explorer,2025-08-04,Cancelled
MS0966,M0320,Elite,2026-09-12,Expired
MS0967,M0517,Elite,2026-05-18,Cancelled
MS0968,M0145,Discovery,2025-07-12,Cancelled
MS0969,M0573,Discovery,2026-02-13,Cancelled
MS0970,M0022,Explorer Plus,2026-03-18,Expired
MS0971,M0244,Discovery,2026-12-02,Expired
MS0972,M0570,Explorer Plus,2025-06-07,Cancelled
MS0973,M0928,Explorer,2026-05-09,Cancelled
MS0974,M0624,Explorer,2026-07-08,Expired
MS0975,M0258,Explorer Plus,2025-12-07,Cancelled
MS0976,M0764,Discovery,2025-11-25,Expired
MS0977,M0555,Explorer,2026-07-07,Active
MS0978,M0165,Elite,2026-10-24,Cancelled
MS0979,M0805,Explorer Plus,2025-09-01,Cancelled
MS0980,M0215,Explorer Plus,2025-06-06,Expired
MS0981,M0636,Explorer,2026-11-28,Active
MS0982,M0960,Elite,2026-04-13,Active
MS0983,M0398,Discovery,2026-11-02,Expired
MS0984,M0891,Elite,2026-05-04,Active
MS0985,M0684,Explorer Plus,2026-08-15,Cancelled
MS0986,M0366,Explorer,2026-11-09,Cancelled
MS0987,M0200,Explorer Plus,2026-12-10,Expired
MS0988,M0683,Discovery,2026-10-23,Expired
MS0989,M0746,Explorer,2025-09-02,Active
MS0990,M0653,Elite,2025-10-24,Active
MS0991,M0269,Explorer Plus,2026-07-20,Expired
MS0992,M0047,Explorer Plus,2025-07-22,Expired
MS0993,M0625,Explorer,2025-07-27,Expired
MS0994,M0147,Explorer Plus,2026-03-25,Active
MS0995,M0612,Elite,2026-03-01,Cancelled
MS0996,M0625,Elite,2025-10-23,Expired
MS0997,M0228,Elite,2026-09-19,Cancelled
MS0998,M0326,Discovery,2026-07-26,Expired
MS0999,M0342,Explorer Plus,2025-08-14,Cancelled
MS1000,M0161,Discovery,2026-01-04,Expired
MS1001,M0144,Elite,2026-08-18,Active
MS1002,M0907,Explorer,2026-09-29,Expired
MS1003,M0271,Explorer Plus,2025-12-28,Cancelled
MS1004,M0489,Explorer,2025-07-09,Cancelled
MS1005,M0354,Elite,2025-01-06,Cancelled
MS1006,M0290,Explorer,2026-02-24,Cancelled
MS1007,M0112,Discovery,2025-02-04,Expired
MS1008,M0083,Discovery,2026-08-05,Active
MS1009,M0916,Elite,2026-08-12,Expired
MS1010,M0765,Explorer,2026-03-22,Expired
MS1011,M0847,Discovery,2026-03-01,Active
MS1012,M0397,Explorer Plus,2025-12-28,Expired
MS1013,M0746,Explorer Plus,2026-03-09,Active
MS1014,M0244,Elite,2025-01-22,Expired
MS1015,M0253,Elite,2026-02-27,Active
MS1016,M0217,Elite,2026-06-14,Cancelled
MS1017,M0153,Elite,2025-01-12,Active
MS1018,M0500,Elite,2026-09-11,Active
MS1019,M0067,Explorer,2026-10-06,Expired
MS1020,M0121,Elite,2026-09-08,Active
MS1021,M0059,Explorer Plus,2026-06-27,Active
MS1022,M0739,Explorer Plus,2026-12-07,Expired
MS1023,M0576,Explorer,2026-06-17,Cancelled
MS1024,M0236,Elite,2025-07-05,Cancelled
MS1025,M0647,Explorer,2025-01-22,Expired
MS1026,M0052,Explorer Plus,2026-11-09,Expired
MS1027,M0405,Elite,2026-07-26,Active
MS1028,M0722,Discovery,2025-01-17,Expired
MS1029,M0726,Explorer Plus,2025-04-02,Active
MS1030,M0587,Discovery,2026-10-16,Expired
MS1031,M0604,Explorer,2026-07-30,Cancelled
MS1032,M0759,Explorer Plus,2026-05-01,Expired
MS1033,M0313,Explorer,2025-08-15,Cancelled
MS1034,M0694,Elite,2026-02-23,Cancelled
MS1035,M0888,Explorer,2025-07-07,Cancelled
MS1036,M0588,Explorer Plus,2026-02-11,Active
MS1037,M0782,Elite,2026-05-04,Expired
MS1038,M0130,Explorer Plus,2025-11-28,Active
MS1039,M0274,Explorer,2025-05-25,Active
MS1040,M0580,Elite,2025-12-10,Active
MS1041,M0790,Elite,2026-11-11,Cancelled
MS1042,M0464,Discovery,2025-10-18,Active
MS1043,M0232,Discovery,2025-05-12,Expired
MS1044,M0406,Elite,2025-08-07,Cancelled
MS1045,M0021,Explorer,2026-09-13,Active
MS1046,M0027,Explorer,2026-01-23,Active
MS1047,M0506,Discovery,2026-04-15,Active
MS1048,M0114,Explorer,2025-03-12,Cancelled
MS1049,M0621,Elite,2026-08-26,Cancelled
MS1050,M0838,Explorer,2026-06-08,Cancelled
MS1051,M0822,Explorer,2025-02-25,Cancelled
MS1052,M0300,Explorer Plus,2025-04-02,Active
MS1053,M0635,Explorer,2025-05-16,Cancelled
MS1054,M0682,Explorer Plus,2026-06-30,Cancelled
MS1055,M0513,Discovery,2025-06-30,Cancelled
MS1056,M0301,Discovery,2026-05-19,Active
MS1057,M0924,Discovery,2025-10-10,Expired
MS1058,M0139,Elite,2025-05-31,Expired
MS1059,M0728,Explorer Plus,2025-03-11,Active
MS1060,M0111,Explorer,2025-02-24,Cancelled
MS1061,M0953,Discovery,2026-03-14,Cancelled
MS1062,M0477,Explorer,2025-02-16,Active
MS1063,M0025,Discovery,2026-11-15,Expired
MS1064,M0675,Explorer Plus,2025-09-18,Active
MS1065,M0226,Elite,2026-08-20,Expired
MS1066,M0881,Elite,2026-02-10,Cancelled
MS1067,M0295,Explorer Plus,2025-08-27,Cancelled
MS1068,M0295,Discovery,2026-04-26,Expired
MS1069,M0088,Discovery,2026-05-28,Expired
MS1070,M0896,Explorer,2026-12-14,Active
MS1071,M0963,Explorer Plus,2026-10-17,Cancelled
MS1072,M0769,Explorer Plus,2025-06-22,Cancelled
MS1073,M0224,Explorer,2026-02-26,Active
MS1074,M0731,Explorer Plus,2025-12-07,Cancelled
MS1075,M0384,Elite,2026-07-03,Active
MS1076,M0841,Explorer Plus,2025-02-13,Cancelled
MS1077,M0145,Explorer,2025-07-21,Active
MS1078,M0541,Discovery,2026-12-16,Active
MS1079,M0260,Explorer Plus,2026-09-01,Expired
MS1080,M0849,Explorer,2026-05-16,Expired
MS1081,M0858,Explorer,2025-08-15,Cancelled
MS1082,M0106,Elite,2025-05-17,Cancelled
MS1083,M0724,Discovery,2025-04-20,Cancelled
MS1084,M0185,Explorer,2025-11-04,Expired
MS1085,M0659,Discovery,2025-07-08,Expired
MS1086,M0671,Elite,2026-09-21,Cancelled
MS1087,M0210,Explorer,2026-12-18,Cancelled
MS1088,M0883,Elite,2025-08-04,Active
MS1089,M0687,Explorer,2026-01-10,Expired
MS1090,M0969,Explorer,2025-12-11,Active
MS1091,M0308,Explorer,2025-10-02,Active
MS1092,M0808,Explorer Plus,2026-07-11,Active
MS1093,M0641,Explorer,2026-04-04,Cancelled
MS1094,M0542,Explorer,2025-08-04,Active
MS1095,M0566,Discovery,2025-08-05,Expired
MS1096,M0452,Elite,2026-01-31,Expired
MS1097,M0282,Explorer,2025-09-26,Expired
MS1098,M0586,Explorer,2026-10-22,Expired
MS1099,M0531,Explorer Plus,2026-02-14,Cancelled
MS1100,M0235,Explorer,2026-09-14,Cancelled
MS1101,M0324,Explorer Plus,2026-11-12,Active
MS1102,M0115,Explorer Plus,2025-01-22,Expired
MS1103,M0222,Discovery,2025-02-16,Cancelled
MS1104,M0941,Elite,2026-03-16,Cancelled
MS1105,M0285,Discovery,2025-12-18,Expired
MS1106,M0927,Explorer Plus,2025-02-18,Cancelled
MS1107,M0441,Explorer,2025-09-15,Active
MS1108,M0577,Explorer,2025-03-24,Cancelled
MS1109,M0487,Explorer,2026-02-10,Expired
MS1110,M0284,Discovery,2026-08-12,Cancelled
MS1111,M0723,Discovery,2025-02-02,Active
MS1112,M0197,Explorer,2025-01-08,Expired
MS1113,M0821,Discovery,2026-12-10,Cancelled
MS1114,M0742,Explorer,2026-03-08,Active
MS1115,M0407,Discovery,2026-12-27,Cancelled
MS1116,M0671,Elite,2025-10-24,Active
MS1117,M0147,Explorer Plus,2025-03-20,Cancelled
MS1118,M0492,Discovery,2026-06-21,Expired
MS1119,M0555,Discovery,2026-06-08,Active
MS1120,M0717,Explorer Plus,2025-11-18,Expired
MS1121,M0086,Discovery,2025-11-03,Cancelled
MS1122,M1000,Discovery,2025-07-05,Expired
MS1123,M0132,Discovery,2025-12-05,Expired
MS1124,M0008,Explorer,2026-11-16,Active
MS1125,M0164,Elite,2025-07-24,Expired
MS1126,M0017,Discovery,2025-06-01,Active
MS1127,M0642,Elite,2026-03-05,Active
MS1128,M0149,Elite,2026-03-28,Active
MS1129,M0668,Explorer,2025-12-08,Expired
MS1130,M0848,Elite,2026-04-16,Active
MS1131,M0782,Discovery,2026-02-01,Active
MS1132,M0532,Explorer,2026-04-02,Expired
MS1133,M0236,Explorer Plus,2026-11-01,Expired
MS1134,M0809,Explorer,2025-03-05,Expired
MS1135,M0923,Explorer,2025-08-18,Expired
MS1136,M0598,Explorer Plus,2025-11-20,Active
MS1137,M0418,Discovery,2025-11-01,Cancelled
MS1138,M0138,Elite,2025-01-18,Expired
MS1139,M0226,Explorer,2026-09-21,Cancelled
MS1140,M0340,Elite,2026-07-04,Cancelled
MS1141,M0918,Elite,2026-05-17,Cancelled
MS1142,M0905,Explorer Plus,2026-11-10,Cancelled
MS1143,M0596,Explorer,2026-04-05,Cancelled
MS1144,M0560,Explorer,2026-11-10,Cancelled
MS1145,M0612,Explorer Plus,2026-11-10,Cancelled
MS1146,M0417,Explorer Plus,2026-09-15,Cancelled
MS1147,M0194,Explorer Plus,2025-08-24,Expired
MS1148,M0759,Elite,2025-04-01,Cancelled
MS1149,M0017,Explorer,2025-10-10,Expired
MS1150,M0900,Explorer,2026-07-03,Active
MS1151,M0076,Explorer Plus,2026-05-13,Active
MS1152,M0123,Explorer Plus,2026-01-12,Expired
MS1153,M0152,Elite,2026-11-28,Expired
MS1154,M0123,Explorer,2025-08-13,Expired
MS1155,M0883,Discovery,2026-02-13,Cancelled
MS1156,M0012,Discovery,2026-10-09,Active
MS1157,M0543,Discovery,2026-12-11,Cancelled
MS1158,M0868,Elite,2025-05-04,Active
MS1159,M0395,Explorer,2025-01-27,Active
MS1160,M0957,Discovery,2025-12-15,Active
MS1161,M0941,Elite,2026-05-11,Cancelled
MS1162,M0730,Elite,2025-04-05,Active
MS1163,M0830,Elite,2025-01-10,Expired
MS1164,M0468,Explorer Plus,2025-06-27,Active
MS1165,M0448,Explorer,2026-09-27,Active
MS1166,M0676,Explorer Plus,2025-04-16,Active
MS1167,M0173,Explorer Plus,2027-01-01,Cancelled
MS1168,M0987,Discovery,2025-08-30,Expired
MS1169,M0993,Explorer,2025-03-07,Expired
MS1170,M0558,Discovery,2025-01-12,Expired
MS1171,M0057,Explorer,2026-09-21,Expired
MS1172,M0984,Elite,2025-08-30,Cancelled
MS1173,M0381,Explorer Plus,2026-03-23,Expired
MS1174,M0681,Discovery,2026-01-26,Cancelled
MS1175,M0156,Elite,2025-05-02,Cancelled
MS1176,M0173,Elite,2026-12-20,Cancelled
MS1177,M0692,Discovery,2026-08-17,Cancelled
MS1178,M0453,Elite,2026-04-10,Active
MS1179,M0385,Discovery,2026-06-01,Expired
MS1180,M0356,Elite,2026-08-03,Expired
MS1181,M0835,Explorer,2025-07-13,Expired
MS1182,M0946,Explorer Plus,2026-03-26,Expired
MS1183,M0974,Explorer Plus,2025-11-20,Active
MS1184,M0399,Explorer Plus,2025-08-26,Active
MS1185,M0134,Explorer,2026-06-23,Cancelled
MS1186,M0209,Elite,2025-10-24,Expired
MS1187,M0794,Explorer,2026-03-01,Active
MS1188,M0920,Elite,2025-11-21,Cancelled
MS1189,M0815,Elite,2026-02-18,Cancelled
MS1190,M0518,Discovery,2026-04-29,Cancelled
MS1191,M0142,Explorer Plus,2025-01-01,Active
MS1192,M0728,Explorer Plus,2025-06-03,Expired
MS1193,M0372,Explorer Plus,2025-02-07,Active
MS1194,M0160,Explorer,2025-12-27,Expired
MS1195,M0440,Explorer Plus,2025-08-29,Cancelled
MS1196,M0510,Discovery,2026-04-12,Cancelled
MS1197,M0915,Explorer,2025-08-25,Active
MS1198,M0222,Explorer,2026-11-08,Expired
MS1199,M0853,Explorer Plus,2026-02-26,Expired
MS1200,M0336,Elite,2026-08-19,Active
